ἄβαξ,
ἀγαθός,
ἀγαθός,ἀγαθόω,
ἄγαλμα,
ἀγανακτέω,
ἀγαπάω,ἀγαπάζω,
ἁγέομαι,ἡγέομαι,
ἁγηλατέω,ἡγηλατέω,
ἀγητός,
ἀγνοέω,
Ἅγνων,
ἀγορά,
ἀγορά,ἀγοράομαι,ἀγοράζω,
ἀγοράζω,
ἀγορανόμος,
ἀγορεύω,
ἄγος,
ἄγρα,ἀγρέω,ἀγρός,
ἀγράφιος,
ἄγροικος,ἀγροῖκος,
ἀγρός,
ἀγρότερος,
Ἀγύρριος,
ἄγω,
ἄγω,ἀγάω,
ἀγώγιμος,
ἀγών,
ἀγωνίζομαι,
ἀγωνιστής,
ἄγωνος,ἀγών,
ἀδελφή,
ἀδελφός,
ἀδικέω,
ἀδίκημα,ἀδικέω,
ἀδίκιον,
ἄδικος,
ἀδόκιμος,
ἀδύνατος,ἀδυνατόω,
ἀδωροδόκητος,
ἀεί,
ἀείδω,
ἀεικής,
ἀειφυγία,
ἀζήμιος,
Ἀθήναια,Ἀθήναιον,Ἀθήναιος,Ἀθηναῖος,
Ἀθηναῖος,
Ἀθήναιος,Ἀθηναῖος,
Ἀθήνευς,
Ἀθήνευς,Ἀθήνη,Ἀθῆναι,
Ἀθήνη,
ἀθλητής,
ἀθλοθέτης,
ἆθλον,
ἆθλον,ἆθλος,
ἀθροίζω,
ἀθυμέω,
αἰαῖ,
Αἴγυπτος,
αἴδεσις,
αἰκία,
αἰκίζομαι,αἰκίζω,
αἰνέω,
αἵρεσις,
αἱρετός,
αἱρέω,
αἰτέω,
αἰτιάομαι,
αἴτιος,
αἴτιος,αἰτέω,
αἴτιος,αἰτία,
Ἄκαστος,
ἀκίβδηλος,
ἀκληρωτί,
ἀκολουθέω,
ἀκοντίζω,
ἀκοσμέω,
ἄκουσις,ἀεκούσιος,ἀκούσιος,ἀκούω,
ἀκούω,
ἄκριτος,
ἀκρόπολις,
Ἀκτή,
ἄκυρον,ἄκυρος,
ἄκυρος,
ἄκων,ἀέκων,
ἄλγος,
Ἀλέξιος,Ἀλεξίης,
ἀληθής,
ἁλίσκομαι,
ἁλίσκομαι,ἁλώνης,
ἀλκή,
Ἀλκμαιωνίδαι,
Ἀλκμέων,
ἀλλά,
ἀλλήλων,
ἄλλος,
ἄλλος,ἀλλά,ἑλλός,ἐλλός,
ἄλλος,ἄλλως,
ἄλλοτε,
ἀλλότριος,
ἄλφιτον,
Ἀλωπεκῆθεν,
ἅμα,
ἁμαρτάνω,
ἁμαρτία,
ἀμείβω,
ἀμείνων,
ἅμιππος,
ἄμισθος,
Ἄμμων,
Ἀμπρακιώτης,
ἀμφιβάλλω,
ἀμφικτίονες,
ἀμφισβητέω,
ἀμφισβήτησις,
ἀμφισβήτησις,ἀμφισβητέω,
ἀμφορεύς,
ἀμφότερος,
ἄμφω,
ἄν1,
ἄν1,ἄν2,ἀνά,ἐάν,
ἀνά-ὀχλέω,
ἀνά,
ἀναβαίνω,
ἀναβάλλω,
ἀναγιγνώσκω,
ἀναγκάζω,
ἀναγκαῖον,ἀναγκαῖος,
ἀνάγκη,
ἀνάγκη,ἀναγκαίη,ἀναγκαῖος,
ἀναγορεύω,
ἀναγράφω,
ἀνάγω,
ἀνάδαστος,
ἀναθέω,ἀνατίθημι,
ἀνάθημα,
ἀναιρέω,
ἀναιρέω,ἀνειλέω,
ἀναιρέω,ἀνιερόω,
ἀναίτιος,
ἀνακαλέω,
ἀνάκειμαι,
ἀνακηρύσσω,
ἀνακράζω,
Ἀνακρέων,
ἀνακρίνω,
ἀναλαμβάνω,
ἀναλίσκω,
ἀναλογίζομαι,
ἀνάλογος,
ἀνάλωμα,
ἀναμίσγω,
ἀναμφισβήτητος,
ἀνάξιος,ἀνάγω,ἀνάσσω,ἀνάζω,ἀναξέω,
ἀναπληρόω,
ἀνάπτω,
ἀνάπτω,ἀναβαίνω,
ἀναρχία,
ἀνασῴζω,
ἀναταράσσω,
ἀνατίθημι,
ἀναφέρω,
Ἀναφλύστιος,
ἀναχώννυμι,ἀνέχω,
ἁνδάνω,
ἀνδραποδιστής,
ἀνδράποδον,
ἀνδρεῖος,
ἀνδριάς,
ἀνδρόω,ἀνήρ,
ἀνερωτάω,
ἄνευ,ἄνω1,
ἀνήρ,
Ἀνθέμιος,Ἀνθεμίων,
ἀνθίστημι,
ἀνθίστημι,ἀντίστασις,
ἄνθρωπος,
ἀνίημι,
ἀνοίγνυμι,
ἀνοικοδομέω,
ἀνοικοδόμησις,
ἀντεγγράφω,
ἀντί-κάθημαι,
ἀντί,
ἀντιγράφω,
ἀντιδημαγωγέω,
ἀντίδικος,
ἀντίδοσις,
Ἀντίδοτος,
ἀντιλαμβάνω,
ἀντιλέγω,
ἀντιστασιώτης,
Ἀντιφών,Ἀντιφῶν,
Ἄνυτος,
ἀνύω,
ἄξιος,
ἀξιόω,
ἀξιόω,ἐξιόω,
ἀξίωμα,
ἀπάγω,
ἀπαγωγή,
ἀπαλείφω,
ἀπάλλαξις,ἀπαλλάσσω,ἀπαλλαξείω,ἀπαλλαγή,
ἀπαντάω,
ἅπαξ,
ἀπαρκέω,ἀπαρκής,
ἅπας,
ἄπειμι1,ἄπειμι2,
ἄπειμι1,ἀφίημι,
ἄπειμι2,ἀφίημι,
ἄπειροσ,ἄπειρος,ἀπείρων1,ἀπείρων2,ἀπειρόω,ἤπειρος,
ἀπέρχομαι,
ἀπεχθάνομαι,
ἀπέχω,
ἄπιστος,
ἁπλόος,ἁπλόω,
ἁπλός,ἁπλόω,ἁπλῶς,
ἀπό,
ἀποβάλλω,
ἀπογίγνομαι,
ἀπογιγνώσκω,
ἀπογραφεύς,ἀπογραφή,
ἀπογραφή,
ἀπογράφω,
ἀποδείκνυμι,
ἀποδέκτης,
ἀποδέκτης,ἀποδεκτός,
ἀποδημέω,
ἀποδημία,ἀποδημίη,
ἀποδίδωμι,
ἀποδοκιμάω,ἀποδοκιμάζω,
ἀποθνήσκω,
ἀπόκειμαι,
ἀποκοπή,
ἀποκρίνω,
ἀποκτείνω,
ἀπολαγχάνω,
ἀπολαμβάνω,
ἀπολαύω,
ἀπόλλυμι,
Ἀπόλλων,
ἀπολογέομαι,
ἀπολογία,
ἀπομετρέω,
ἀπομιμέομαι,
ἀπονέμω,
ἀπορία,
ἄπορος,
ἀποσείω,
ἀποστασίου,
ἀπόστασις,
ἀποστέλλω,
ἀποστερέω,
ἀποτίθημι,
ἀποτίμημα,
ἀποτίνω,
ἀποτυγχάνω,
ἀποφαίνω,
ἀποφέρω,
ἀποφεύγω,
ἀποχειροτονέω,
ἀποχωρέω,
ἀποψηφίζομαι,
ἀπροβούλευτος,
ἀπροστασίου,
ἄπωθεν,
Ἀργεῖος,
Ἄργος,
ἀργόσ,ἀργός,
ἀργύριον,
Ἄρειας,Ἄρειος,Ἀρεῖος,ἄρειος,
Ἄρειος,Ἀρεῖος,ἄρειος,
Ἄρειος,Ἀρείων,Ἀρεῖος,ἄρειος,
Ἀρεοπαγίτης,
ἄρεσκος,ἀρέσκω,
ἀρετάω,ἀρετή,
ἀριθμός,
Ἀρίσταιχμος,
Ἀριστείδης,
ἀριστίνδας,ἀριστίνδην,
Ἀριστίων,
Ἀριστογείτων,
Ἀριστόδικος,
Ἀριστοκράτης,
Ἀριστόμαχος,
ἄριστον,ἄριστος,
Ἀρίφρων,
ἅρμα,
Ἁρμόδιος,
ἁρμόζω,
ἁρμοστής,ἁρμοστός,
ἁρπαγή,
Ἄρτεμις,
ἄρτιος,
ἀρτοπώλης,
ἄρτος,
ἀρχαῖος,
ἀρχαιρεσία,
Ἀρχέστρατος,
ἀρχή,
ἀρχή,ἀρχήν,
ἀρχή,ἀρχός,
ἀρχηγέτης,ἀρχηγετέω,
ἀρχιθέωρος,
Ἀρχῖνος,
ἀρχιτέκτων,
ἄρχω,
ἄρχω,ἄρχων,
ἄρχω,ἔρδω,
ἀσαφής,
ἀσέβεια,
ἀσεβέω,
ἀσέλγεια,
ἀσθενέω,ἀσθενής,
ἀσκέω,
Ἀσκληπιός,
ἀσπίς,
ἄστυ,
ἄστυ,ἀστή,ἀστός,
ἄστυ,ἀστός,
ἀστυνόμος,
ἀτακτέω,
ἅτε,
ἀτέλεια,ἀτέλειος,
ἀτελής,
ἀτιμία,
ἄτιμος,
ἄτιμος,ἀτιμόω,
ἀτιμόω,
Ἀττικός,
ἀτυχέω,
αὖθις,
αὐλητής,
αὐλητρίς,
αὐλίσκος,
αὐξάνω,
αὔξησις,αὖξις,αὐξάνω,
αὐτοκράτωρ,
αὐτόματος,
αὐτός,
αὐτός,αὐτοῦ,
αὐτοτελής,
αὐτοχείριος,αὐτοχειρία,
ἀφαιρέω,
ἀφανίζω,
ἄφεσις,
ἀφεστήξω,
ἀφεστήξω,ἀπόστασις,
Ἀφιδναῖος,
ἀφίημι,
ἀφικνέομαι,
ἀφνειός,
ἀφορμή,
ἄφρακτος,
Ἀχερδούσιος,
ἄψυχος,
βαδίζω,
βακτηρία,
βάλανος,
βάρβαρος,βαρβαρόομαι,βαρβαρόω,
βάρος,
βασίλεια,βασίλειος,βασιλεία,βασιλειάω,
βασίλειον,βασίλειος,
βασιλεύς,
βασίλη,βασιλεύς,
βασιλικός,
βέβαιος,βεβαιόω,
βέλτιστος,
βελτίων,βελτιόω,
βῆμα,
βία,
βία,βιάω,
βιάζω,
βίαιος,
βιάω,βιάζω,βιόω,
βίος,
βίος,βιόω,
βλασφημέω,
βλέπω,
βοήθεια,
βοηθέω,
βουλεύς,βουλή,
βούλευσις,
βουλευτήριον,βουλευτήριος,
βουλευτής,βουλευτός,
βουλεύω,
βουλή,
βούλησις,βούλομαι,
βούλομαι,
βραβεύω,
Βραυρώνιος,
βραχύς,
βωμός,
γαῖα,
Γαῖα,γῆ,
γάλα,
γαμετή,
γαμέω,
γάρ,
γεγωνέω,
γένεσις,γένος,
γένος,
Γεραιστός,
γέρας,
γεωργέω,
γῆρας,γῆρος,γηράσκω,γηράω,
γίγνομαι,
γιγνώσκω,
γιγνώσκω,γνῶσις,
γλῶσσα,
γνάθος,
γνήσιος,γνησιόω,
γνώμη,
γνώριμος,
γνῶσις,
γονάω,γονεύς,γονή,
γονεύς,
γράμμα,
γραμματεῖον,
γραμματεύς,
γραφή,γραφής,
γράφω,
γράφω,γραφεύς,γραφή,γραφής,
γυμνικός,
γυναικόω,γυνή,
γυνή,
δαίμων,δαιμονάω,
δάιος,
Δαμασίης,
δανείζω,
δανεισμός,
δαπανάω,
δαπάνη,δαπανάω,
δατητής,
δέ,
δείδω,
δείκνυμι,
δεινός,
δείξις,δείκνυμι,δεῖξις,
δειπνέω,
δέκα,δεκάω,
δεκάζω,
δεκαπλόος,δεκαπλοῦς,
δέκατος,
δέκατος,δεκάτη,
δέκατος,δεκάτη,δεκάω,
δεκάω,δεκάζω,
Δεκέλεια,
Δελφίνιον,Δελφίνιος,
Δελφοί,
δεξιά,δεξιός,
δέομαι,δέω1,δέω2,
δέομαι,δέω1,δέω2,δεῖ,
δέον,δέω1,δέω2,δεῖ,
δεσμός,
δεσμωτήριον,
δεσμώτης,
δεσπότης,δεσποτέω,
δεσποτικός,
δεύτερος,
δέχομαι,
δέω1,
δέω1,δέω2,δεῖ,
δέω1,δέω2,δεῖ,ἔδω,ἐσθίω,
δή,
δῆλος,
δημαγωγέω,
δημαγωγία,
δημαγωγός,
δήμαρχος,
δήμευσις,
δημεύω,
δημηγορέω,
δήμιος,
δημιουργέω,δημιουργός,
δημοκρατία,
δῆμος,
δημόσιος,
δημόσιος,δημοσίᾳ,
δημόσιος,δημοσιόω,
δημότης,
δημοτικός,
διά-ῥινάω,διά-ῥινέω,
διά,
διά,διό,
διαβάλλω,
διαβουλεύομαι,διαβουλεύω,
διαγίγνομαι,
διάγω,
διαδέχομαι,
διαδέχομαι,διαδείκνυμι,
διαδίδωμι,
διαδικάζω,
διαδικασία,
διαιρετός,
διαιρέω,
δίαιτα,διαιτάω,
διαιτάω,διαιτέω,
διαίτησις,διαιτάω,διαιτέω,
διαιτητής,
διακληρόω,
διάκονος,
διακόσιοι,
διακοσμέω,
Διάκριοι,
διαλέγω,
διαλείπω,
διαλλακτής,
διάλυσις,
διάλυσις,διαλύω,
διαλύω,
διαμαρτάνω,
διαμένω,
διαμετρέω,
διαμφισβητέω,
διαμφισβήτησις,διαμφισβητέω,
διανέμω,
διαπέμπω,
διαπίπτω,
διαπράσσω,
διαριθμέω,
διαρπάζω,
διασείω,
διασημαίνω,
διασπείρω,
διασφάλλω,
διασῴζω,
διατάσσω,
διατελέω,
διατηρέω,
διατίθημι,
διατρέφω,
διατρίβω,
διαφέρω,
διαφθείρω,
διάφορος,
διαφυλάσσω,
διαχειρίζω,
διαχειροτονέω,
διαψηφίζομαι,
διαψηφίζομαι,διαψηφίζω,
διαψηφισμός,
διδάσκαλος,
διδάσκω,
δίδημι,δίδωμι,
δίδραχμος,
δίδωμι,
διεγγύα,διεγγυάω,
διεξέρχομαι,
διέρχομαι,
διίστημι,
δικάζω,
δίκαιος,
δίκαιος,δικαιόω,
δικαιοσύνη,
δικαστήριον,
δικαστής,
δίκη,
δίκη,δικάζω,
δίκη,δικεῖν,
δίμηνος,
διό,
διοικέω,
διοίκησις,
διόμνυμι,
Διονύσια,Διονύσιον,Διονύσιος,
Διόνυσος,Διονύσος,
διπλάσιος,διπλασίων,
διπλόω,
δίς,
δισμύριοι,
δισχίλιοι,
Δίφιλος,
διχόω,
διωβελία,
διώβολον,
διώκω,
δόγμα,
δοκάζω,
δοκάζω,δοκέω,δοκεύς,δοκή,
δοκάζω,δοκέω,δοκή,δοκόν,δοκός,δοκόω,δοκώ,
δοκέω,
δοκέω,δοκεύς,
δοκέω,δοκόω,
δοκέω,δοκόω,δοκώ,
δοκιμάζω,
δοκιμασία,
δολοφονέω,
δόξα,δοκέω,
δόξα,δόξις,δοκέω,
δόρυ,
δορύφορος,δορυφόρος,
δουλεύω,
δούλιος,
δοῦλος,
δοῦλος,δουλόω,
Δρακοντίδης,
Δράκων,
δραχμή,
δραχμή,δραχμός,
δράω,
δρύφακτος,δρυφακτόω,
δυάω,
δύναμαι,
δύναμαι,δύω2,
δύναμις,
δυναστεία,
δυνατός,
δύο,
δυσκολία,
δυσχεραίνω,
δώδεκα,
δωδέκατος,
δωρεά,
δῶρον,
δωροξενία,
ἕ,ἵημι,ὅς,οὗ,
ἕ,ὁ,
ἕ,ὁ,ὅς,
ἐάν,
ἑαυτοῦ,
ἐάω,
ἐάω,εἰάζω,
ἐάω,εἰμί,
ἑβδομήκοντα,
ἕβδομος,
ἐγγίγνομαι,
ἐγγραφή,
ἐγγράφω,
ἐγγυητής,ἐγγυητός,
ἐγκαλέω,
ἐγκαταγηράσκω,
ἐγκρατής,
ἐγκύκλιος,
ἐγκύκλιος,ἐγκυκλέομαι,
ἐγχειρίδιον,ἐγχειρίδιος,
ἐγχέω,ἐγχύνω,
ἔγχος,ἐγχέω,ἐγχύνω,
ἐγώ,
ἕδρα,
εετιονεια,-παρτ-οφ-τηε-πειραευς,
ἐθέλω,
ἔθω,
ἔθω,τίθημι,
εἰ,
εἶδον,
εἶδον,ἴδη,
εἴκοσι,
εἰκών,
εἰμί,
εἶμι,
εἶμι,εἰμί,
εἶμι,εἶτα,εἰμί,
εἰμί,ἦ,ἠμί,
εἰμί,ἠμί,
εἰμί,ὄντα,
εἰμί,οὖσον,
εἰμί,ὦσις,
εἶπον,
εἶπον,εἶπος,
εἰρήνη,
εἰρήνη,εἰρηνέω,
εἰς,
εἷς,
εἷς,ἵημι,
εἷς,ὅς,
εἰσαγγελία,
εἰσαγγέλλω,
εἰσάγω,
εἰσαγωγεύς,
εἴσειμι,
εἴσειμι,εἰσίημι,
εἰσελαύνω,
εἰσέρχομαι,
εἰσηγέομαι,
εἰσηγητής,
εἰσκαλέω,
εἴσοδος,
εἰσοράω,
εἰσπράσσω,
εἰσφέρω,
εἰσφορά,
εἶτα,
ἐκ,
ἕκαστος,
ἑκάτερος,
ἑκατέρωθι,
ἑκατόν,
ἐκβάλλω,
ἐκβολεύς,ἐκβολή,
ἐκδιαιτάω,
ἐκδικάζω,
ἔκδικος,
ἐκεῖ,
ἐκεῖθεν,
ἐκεῖνος,
ἐκεῖνος,κενόω,
ἔκθυμα,
ἐκκηρύσσω,
ἐκκλησία,
ἐκκλησιάζω,
ἐκκομίζω,
ἐκλείπω,
ἐκληρέω,κληρόω,
ἐκμαρτυρέω,
ἐκπέμπω,
ἐκπίτνω,
ἐκπολιορκέω,
ἔκροος,
ἔκροος,ἐκρέω,
ἐκτείνω,κτείνω,
ἔκτεισις,ἐκτίνω,
ἕκτη,ἕκτος,
ἑκτημόριοι,
ἐκτίνω,
ἕκτος,
ἐκφαίνω,
ἐκφέρω,
ἑκών,
ἐλαία,ἐλαιάω,
ἔλαιον,ἔλαιος,
ἐλάσσων,
ἐλάσσων,ἐλασσόω,
ἐλάσσων,ἐλασσόω,ἐλαύνω,
ἐλαύνω,
ἔλαχος,λαγχάνω,
ἐλεγεία,ἐλεγεῖος,
ἐλεύθερος,
ἐλεύθερος,ἐλευθερόω,
ἐλευθερόω,
Ἐλευσίναδε,
Ἐλευσίνιος,
Ἐλευσινόθεν,
Ἐλευσίς,
Ἐλευσίς,Ἐλευσῖνι,
ἕλκος,ἕλκω,ἑλκέω,
ἐλλείπω,
Ἕλλην,
ἐλπίς,
ἐμβάλλω,
ἐμβιβάζω,
ἐμμένω,
ἔμμηνος,
ἔμμηνος,ἐμμαίνομαι,
ἐμπήγνυμι,
ἐμπήκτης,
ἐμπορία,
ἐμπόρια,ἐμπόριον,ἐμπόριος,
ἐμπορικός,
ἐμπόριον,ἐμπόριος,
ἔμπορος,
ἔμπροσθεν,
ἐμφαίνω,ἐμφανής,
ἔμφρων,
ἐν-εἰμί,
ἐν,
ἐν,εἰμί,εἰς,
ἐν,εἰς,
ἐναγής,
ἐνάγισμα,
ἐναντίον,ἐναντίος,
ἐναντιόομαι,
ἐναντίος,
ἔνατος,
ἐνδείκνυμι,
ἔνδειξις,
ἔνδειξις,ἐνδείκνυμι,
ἕνδεκα,
ἑνδέκατος,
ἐνδέχομαι,
ἔνδημος,
ἔνδοθεν,ἐνδίδωμι,
ἔνδοξος,
ἐνδύω,
ἕνεκα,
ἐνθάδε,
ἐνιαύσιος,
ἐνιαυτός,
ἔνιοι,
ἐνίοτε,
ἐνίστημι,
ἐννέα,
ἐννέα,ἐννέω,
ἕνος,εἷς,
ἕνος,ἑνόω,
ἐνοχλέω,
ἔνοχος,
ἐνσημαίνομαι,
ἐνσπουδάζω,σπουδάζω,
ἐνταῦθα,
ἐντεῦθεν,
ἐντός,
ἐντυγχάνω,
Ἐνυάλιος,
ἕξ,
ἐξάγω,
ἐξαιρέω,
ἐξαίρω,ἐξαράομαι,
ἑξακισχίλιοι,
ἑξακόσιοι,
ἐξαλείφω,
ἐξαπατάω,
ἐξαπορέω,
ἑξαχους,
ἔξειμι2,
ἔξειμι2,ἔξεστι,
ἔξειμι2,ἔξεστι,ἐξίημι,ἐξίωσις,
ἐξελαύνω,
ἐξελέγχω,
ἐξεράω,ἐξερέω,
ἐξεργάζομαι,
ἐξέρχομαι,
ἔξεστι,
ἔξεστι,ἐξίημι,
ἔξεστι,ἔσσομαι,ἐξίημι,
ἐξετάζω,
ἐξέτασις,
ἐξευρίσκω,
ἐξηγέομαι,
ἑξήκοντα,
ἑξηκοστός,
ἔξοδοσ,ἔξοδος,
ἐξοικέω,
ἐξοίκησις,
ἐξόμνυμι,
ἐξοπλασία,
ἐξορύσσω,
ἐξουσία,
ἔξω,ἔσσομαι,
ἔξωθεν,
ἐξωθέω,
ἔοικα,εἰκός,
ἑορτάζω,ἑορτή,
ἐπαγγέλλω,
ἐπαινέω,
ἐπάν,
ἐπανάγκης,
ἐπαναφέρω,
ἐπαναχωρέω,
ἐπανίστημι,
ἐπανορθόω,
ἐπαύω,παύω,
ἐπεί,
ἐπειδάν,
ἐπεικάζω,ἐπιεικής,
ἔπειμι1,
ἔπειμι2,ἔπειτα,
ἔπειμι2,ἔπειτα,πείθω,
ἐπεισκαλέω,
ἐπείσκλητος,
ἔπειτα,
ἐπερωτάω,
ἐπί-καθίστημι,
ἐπί,
ἐπί,διά-ἐνεμέω,ἐπί-διανέμω,
ἐπιβάλλω,
ἐπιβολή,
ἐπιγαμέω,πέσσω,
ἐπιγράφω,
ἐπιδείκνυμι,
ἐπιδημέω,
ἐπιδίδωμι,
ἐπιδικασία,
ἐπιεικής,
ἐπιζημίωσις,ἐπιζημιόω,
ἐπίθετον,ἐπίθετος,
ἐπιθέω,ἐπιτίθημι,
ἐπίθημα,
ἐπιθυμέω,
ἐπικαλέω,
ἐπικηρυκεύομαι,
ἐπίκληρος,ἐπικληρόω,
ἐπικληρόω,
ἐπικλήρωσις,ἐπικληρόω,
ἐπικρατέω,
ἐπικυρόω,
ἐπιλαμβάνω,
ἐπιλείπω,
ἐπίληθος,ἐπιλανθάνομαι,
ἐπίλοιπος,
Ἐπιλύκειον,
Ἐπίλυκος,
ἐπιμέλεια,
ἐπιμελέομαι,
ἐπιμελής,
ἐπιμελητής,
ἐπινοέω,
ἐπισκευάζω,
ἐπισκευαστής,ἐπισκευαστός,
ἐπισκήπτω,
ἐπισκοπέω,ἐπισκοπή,
ἐπίσκοποσ,ἐπίσκοπος,
ἐπιστατέω,
ἐπιστάτη,ἐπιστάτης,ἐπιστατέω,
ἐπιστατικός,
ἐπιστολή,
ἐπιστύλιον,
ἐπιτάφιος,ἐπιταφέω,
ἐπιτελέω,
ἐπιτήδειος,
ἐπίτηδες,
ἐπιτίθημι,
ἐπιτιμάω,
ἐπιτιμάω,ἐπιτιμή,
ἐπίτιμος,
ἐπιτρέπω,
ἐπιτροπέω,ἐπιτροπή,
ἐπίτροπος,
ἐπιφαίνω,ἐπιφανής,
ἐπιφέρω,
ἐπιχειρέω,
ἐπιχειροτονέω,
ἐπιχειροτονία,
ἐπιψηφίζω,
ἕπομαι,
ἐπονομάζω,
ἐπορέγω,
ἔπος,
ἑπτακαίδεκα,
ἑπτακόσιοι,
ἑπτετηρίς,
ἐπωνύμιος,ἐπωνυμία,
ἐπώνυμος,
ἔραμαι,
ἐρανικός,
ἐράομαι,ἐράω1,ἐράω2,ἐρώμενος,
ἐργάζομαι,
ἐργασία,
ἐργάσιμος,
ἐργάτης,
ἔργνυμι,ἔργον,
ἔργω1,
ἔρδω,
ἐρέσσω,ῥέζω,
Ἐρέτρια,
ἐρέω,ἐρῶ,
ἐρῆμος,
ἔρομαι,
ἔρομαι,ἐράομαι,
ἔρομαι,ἐρῶ,εἴρω,εἴρω2,
ἔρχομαι,
ἐρῶ,
ἐρωτικός,
ἐσθλός,
ἔσχατος,ἐσχατάω,
ἐτάζω,τάσσω,
ἔται,ἔτης,ἔτος,ἐτάζω,
ἑταιρεία,ἑταιρεῖος,
ἕτερος,
ἕτερος,ὄτερος,
ἑτέρωθι,
ἔτης,ἔτος,
ἔτι,
ἔτος,
εὖ,
εὐανδρία,
εὐαρίθμητος,
Εὔβοια,
εὐγενής,
εὐδιάφθορος,
εὐδοκιμέω,
εὕδω,
εὐθεῖα,εὐθύσ,
εὐθέως,εὐθής,εὐθύσ,εὐθύς,
εὔθυνα,εὐθύνω,
εὔθυνος,
εὔθυνος,εὐθύνω,
εὐθύνω,
εὐθύσ,εὐθύς,
Εὐκλείδης,
εὐκοσμία,
εὔλογος,
Εὐμολπίδαι,
εὔνοια,
εὐπατρίδης,
εὐπορέω,
εὐπορία,
εὔπορος,
εὑρίσκω,
εὐσημία,
ἐφέσιμος,
ἔφεσις,
ἐφέται,ἐφέτης,
ἔφηβος,
ἔφηβος,ἐφηβάω,ἐφηβεύω,
Ἐφιάλτης,
ἐφίημι,
ἐφίστημι,
ἐφίστημι,ἐπιστάτη,ἐπιστάτης,
ἐφίστημι,ἐφιστάω,
ἔφοδοσ,ἔφοδος,ἔφοδοϲ,
ἔχθρα,ἔχθρη,
ἐχθρός,
ἐχῖνος,
ἔχις,ἔχω,
ἔχις,ἔχω,χάω,χέω,
ἔχω,
ἔχω,χάω,χόω,
ἕως,ἠώς,
ζευγίσιον,
ζευγίτης,
Ζεύς,
ζημιάζω,ζημιόω,
ζημιόω,
ζημίωσις,ζημιάζω,ζημιόω,
ζητέω,
ζώιον,ζῷον,ζῳόω,
ᾗ,ἵημι,ὅς,
ἤ1,ἤ2,
ἡγεμονία,
ἡγεμών,
ἡγέομαι,
Ἡγησίας,
Ἡγησίστρατος,
ἤδη,ἦδος,
ἥδομαι,
ἦθος,ἠθέω,
ἠίθεος,
ἥκω,
ἡλιαία,
ἡλικία,
ἡμέρα,ἡμερόω,
ἥμερος,ἡμέρα,
ἡμικοτύλιον,
ἥμισυς,ἡμίσεια,
Ἡρακλέης,
Ἡράκλειος,Ἡρακλεία,
ἠρίον,
Ἡρόδοτος,
ἡσσάομαι,ἡττάω,
ἥσσων,
ἡσυχάω,ἡσυχάζω,
ἡσυχία,
ἦτορ,
Ἡφαίστια,
θάλασσα,
θανατάω,θανατόω,
θάνατος,
θανατόω,
θάομαι,θάω,θάζω,θέω,τίθημι,
Θαργήλια,
Θαργηλιών,
θαρσέω,
θαυμάζω,
θέατρον,
θεάω,θεός,
θείνω,τίθημι,
Θεμιστοκλέης,Θεμιστοκλῆς,
θεόκτιτος,
Θεόπομπος,
θεός,
Θερμαῖος,
θέσις,
θέσμιος,
θεσμοθετεῖον,
θεσμοθέτης,
θεσμοθέτης,θεσμοθετέω,
θεσμός,
Θεσσαλός,
Θέσσαλος,
θεωρέω,
θεωρία,
θεωρικός,
Θηβαῖος,
Θηραμένης,
θής,
Θησεῖον,
Θησεύς,
θητικός,
θόλος,
Θουκυδίδης,
Θρᾷσσα,
Θρασυβούλος,
θρασύνω,
θρασύς,
θρυλέω,
θυγάτηρ,
θύος,θύω1,θύω2,θυάω,
θύρα,θυράζω,θυρόω,
θυρίς,
θυσία,
θύω1,θύω2,
θώραξ,
Ἰαόνιος,
ἴδιος,
ἴδιος,ἰδέω,ἰδίω,
ἴδιος,ἶδος,ἰδέω,ἰδίω,
ἰδιώτης,
ἱερά,ἱεράζω,ἱεραί,ἱερή,ἱερόν,ἱερός,ἱερόω,
ἱερά,ἱερή,ἱερόν,ἱερός,
ἱεράζω,ἱερόν,ἱερός,
ἱερεύς,ἱερόω,
ἱερομνήμων,
ἱερόν,ἱερός,
ἱεροποιός,
ἱερώσυνος,ἱερωσύνη,
ἵημι,
ἱκετήριος,
Ἴμβρος,
ἵνα,
Ἰοφῶν,
ἵππαρχος,
ἱππάς,
ἱππεύς,
ἱππεύω,
Ἱππίης,
ἱπποδρομία,
Ἱπποκράτης,
ἵππος,
ἱπποτροφέω,
Ἰσαγόρης,
ἰσαίτατος,
ἰσομοιρία,
ἰσόρροπος,
ἴσος,
ἴσος,ἴσως,ἰσόω,
ἰσοτελής,
ἵστημι,
ἵστημι,ἱστάω,
ἵστημι,στάσις,στάζω,
ἰσχυρός,
ἰσχύω,
ἴχνος,
Ἴων,
καθά,
καθά,καθό,κατά,
καθαιρέω,
καθαίρω,
καθάπαξ,
καθαρός,
καθήκω,
κάθημαι,
καθίζω,
καθίημι,καθίζω,
καθίστημι,
καθίστημι,καθιστάω,
καθίστημι,καταστάζω,
κάθοδος,
καθόλου,
καθότι,
καί,
καινός,
καίπερ,
καιρός,
καιρός,καιρόω,
κακάζω,κακός,
κάκη,κακάζω,κακός,κακόω,
κακοπράγμων,
κακός,
κακός,κακόω,
κακουργέω,
κακούργημα,
κακοφραδής,
καλέω,
Καλλίβιος,
καλλιερέω,
Καλλικράτης,
Κάλλιον,Καλλίης,
κάλλιστα,καλός,
καλός,
κἀν,
κανηφορέω,
κανονίς,
καρπέω,καρπόω,
καρπόσ,καρπός,
καρτερός,
κατά-λέγω2,
κατά-ῥυπαίνω,
κατά,
καταβαίνω,
καταβάλλω,
καταβολή,
καταγιγνώσκω,
κατάγνυμι,κατάγω,κατάσσω,
κατάγνωσις,
κατάγω,
καταδείκνυμι,
καταδέχομαι,καταδείκνυμι,
κατακλείω,
κατακούω,
κατακυρόω,
καταλαμβάνω,
καταλέγω,
καταλογεύς,κατηλογέω,
κατάλογος,
κατάλυσις,
κατάλυσις,καταλύω,
καταλύω,
καταπάλτης,
καταπαύω,
καταπλάσσω,καταπλήσσω,
καταπλέω,
καταπλήσσω,
κατασημαίνω,
κατασιωπάω,
κατασκάπτω,
κατασκευάζω,
κατασκευή,
κατάστασις,
κατασχάω,κατέχω,
κατατραυματίζω,
καταφατίζω,
καταφεύγω,
καταχαρίζομαι,
καταχειροτονία,
κατέρχομαι,
κατέχω,
κατηγορέω,
κατηγορία,
κατήγορος,
κατοικέω,
κατοικοδομέω,
κεῖμαι,
κελεύω,
κενός,
κέντρον,
κέρδος,κερδαίνω,
κέω,κεῖμαι,
κηδεστής,
κῆρυξ,
Κήρυξ,Κήρυκες,
κήρυξις,κῆρυξ,
κηρύσσω,
Κηφισοφῶν,
κιβώτιον,
κιγκλίς,
κιθαρίστρια,
Κίμων,
κίνδυνος,
Κινέης,
κινέω,
Κλαζομένιος,
Κλεαίνετος,
κλείς,
Κλεισθένης,
Κλειτοφῶν,
Κλεομένης,
Κλεοφῶν,
κλέπτης,
κλέπτω,
κλεψύδρα,
Κλέων,
κλῆρος,
κλῆρος,κληρόω,
κληρόω,
κληρωτήριον,
κληρωτής,κληρωτός,
κληρωτός,
κλίνω,
κλοπή,
κοινῇ,κοινός,κοινόω,
κοινός,
κοινός,κοινόω,
κοινωνέω,
κοινωνικός,
κολάζω,
Κολλυτός,
κόλπος,
κομίζω,
Κόνων,
κοπρολόγος,
κόπρον,κόπρος,
κόροσ,κόρος,κόροϲ,
κορυνηφόρος,
κοσμητής,κοσμητός,
κόσμος,
κράς,κράτος,κρατέω,κρατύς,
κρατερός,
κρατέω,
κράτος,κρατέω,
κρήνη,
Κρής,
κριθάω,κριθή,
κρίνον,κρίνω,
κρίνω,
κρίνω,κριθάω,
κρίσις,
Κρόνος,
κτάομαι,κτέομαι,
κτῆμα,
κτίζω,
κυαμεύω,
κύαμος,
κύβος,
κύρβεις,
κυρέω,κυρόω,
κύριος,
κύριος,κυρέω,
κύριος,κυρία,
κύριος,κυριόω,
κύριος,κυρίως,κυριόω,
κύριος,κῦρος,
κῦρος,
κυρόω,
Κυψελίδαι,
κύω,
κύων,
κωλαγρέτης,κωλακρέτης,
κωλύω,
κωμῳδέω,κωμῳδός,
κωτίλλω,
λαγχάνω,
Λακεδαιμόνιος,
Λακεδαίμων,
Λακίαδαι,
Λάκων,
λαμβάνω,
λαμπάσ,λαμπάς,
λαμπρός,
λανθάνω,λήθη,
λάπτω,λαμβάνω,
λάχη,λαγχάνω,
λέγος,λέγω1,λέγω2,λέγω3,
λέγω1,λέγω2,λέγω3,
λέγω2,λέγω3,
λεῖος,λειόω,
λείπω,λίπτομαι,
λειτουργέω,
λειτουργία,
Λειψύδριον,
Λέσβιος,
λευκός,λευκόω,
λευκόω,
Λεωκόρειον,
λήγω,λῆξισ,λῆξις,
Λῆμνος,
Λήναιον,
λῆξισ,λῆξις,
ληρέω,
λίαν,
λίθος,
λογίζομαι,
λογιστής,
λόγος,
λοιδορέω,
λοιπάς,λοιπός,
λοιπός,
λοξός,
λοχαγός,
Λύγδαμις,
λύκος,
Λυκοῦργος,
λυμαίνομαι,
λυροποιός,
Λύσανδρος,
Λυσικράτης,
Λυσίμαχος,
λυχνεῖον,
λωποδύτης,
μαίνομαι,μείς,
μαλακός,
μάλιστα,
μᾶλλον,
μανία,μανιάω,
μαντευτής,μαντευτός,
μάντις,
Μαραθών,
μαρτυρία,
μαρτύρομαι,μαρτυρέω,
μάρτυς,
Μαρώνεια,
μαστιγοφόρος,
μάτη,μάτην,μάτος,ματάω,
μάχαιρα,
μάχη,μαχάω,
μάχη,μάχομαι,
μάχομαι,
Μεγακλέης,
Μεγαρεύς,
μέγας,
μέγεθος,
Μέδων,
μεθιδρύω,
μεθίστημι,
μεθό,μετά,μεταί,
μεθύω,
μείς,
μείς,μήν,μής,
μέλαινα,μέλας,
μέλας,μελάνω,
μέλλω,
μεμψιμοιρία,
μέν,
μέντοι,
μένω,
μέρα,μέρος,
μερίζω,
μερισμός,
μέρος,
μέση,μέσης,μέσος,
μεσόγαιος,
μέσος,
μέσος,μεσόω,
μετά,
μετά,μεταί,
μεταβολή,
μεταδίδωμι,
μεταίχμιον,μεταίχμιος,
μετακινέω,
μεταλλικός,
μέταλλον,
μεταπέμπω,
μετάστασις,
μετατίθημι,
μετέχω,
μετέωρος,
μέτοικος,
μέτριος,
μέτριος,μετρέω,
μέτριος,μετρέω,μετριάω,
μέτριος,μετριόω,
μέτρον,
μετρονόμοι,
μέχρι,
μή,
μηδέ,
μηδείς,
Μηδικός,
Μηδισμός,
Μηλόβιος,
μηνύω,
μήτε,
μήτε,μήτις,
μήτηρ,
μικρός,σμικρός,
Μιλτιάδης,
μιμνήσκω,
μισέω,
μισθός,
μισθοφορά,
μισθοφορά,μισθοφορέω,
μισθοφορέω,
μισθοφόρος,
μισθόω,
μίσθωμα,
μίσθωσις,
μίσθωσις,μισθόω,
μνᾶ,
Μνησιθείδης,
μνησικακέω,
Μνησίλοχος,
μοῖρα,
μοιχεία,
μοιχός,
μόνος,
μονοχίτων,
μορία,
μόριος,μορία,
Μουνιχίη,
μουσική,μουσικός,
μύδρος,
μυλωθρός,
Μύρων,
μυστήριον,
μύστης,
Νάξιος,
Νάξος,
ναός,ναῦς,νεών,νεώς,
ναός,ναῦς,νεώς,
ναυκραρία,
ναυκραρικός,
ναύκραρος,
ναυμαχέω,
ναυμαχία,
ναυπηγέω,
ναῦς,
ναυτικός,
νέα,νέομαι,νέος,νέω,νέω3,
νέμω,
Νεοκλέης,
νεοπολίτης,
νέος,
νέος,νεώτερος,
νεώρης,νεώριον,νεωρέω,
νεώσοικος,
νεωστί,
νικάω,
Νίκη,
νίκη,νικάω,
νίκη,νῖκος,νικάω,
Νικίας,
Νικόδημος,Νικοδήμος,
νομίζω,
νόμιμος,
νόμισμα,
νομοθεσία,
νομοθετέω,
νομός,
νόμος,
νομοφυλακέω,
νόος,
νοσέω,
νῦν,
νύξ,
Ξάνθιππος,
Ξεναίνετος,
ξένιος,ξενία,
ξένοσ,ξένος,
ξένοσ,ξένος,ξενόω,
Ξέρξης,
ξηρά,ξηρός,
ξύλινος,
ὁ,
ὁ,ὅς,
ὁ,τῇ,
ὁ,τίς,
ὁ,τίς,τις,
ὁ,τίς,τις,τῷ,
ὀβολός,
ὄγδοος,
ὁδάω,ὁδόσ,ὁδός,ὁδόω,
ὅδε,
ὅδε,τάσσω,
ὁδοποιός,
ὁδόσ,ὁδός,
ὀδύνη,
ὀδύνη,ὀδυνάω,
ὅθεν,
οἶδα,
οἰκεῖος,
οἰκεῖος,οἰκειόω,
οἰκέτης,
οἰκέω,
οἰκέω,οἰκείω,οἰκεῖος,οἰκειόω,
οἴκημα,
οἰκία,
οἰκία,οἰκίζω,
οἰκοδομέω,
οἰκοδόμημα,
οἶκος,
οἰκουρέω,
οἰνοχοέω,
οἴομαι,
οἷος,
ὀκτώ,
ὀκτωκαίδεκα,
ὄλβος,
ὀλιγαρχία,
ὀλιγαρχικός,
ὀλίγος,
ὀλίγος,ὀλιγόω,
ὀλιγωρέω,
ὅλοξ,ὅλος,
ὅλοξ,ὅλος,ὁλάω,
Ὀλύμπια,Ὀλύμπιος,Ὀλυμπιεῖον,
ὁμιλέω,
ὁμιλία,
ὄμνυμι,
ὅμοιος,ὁμοῖος,ὁμοιόω,
ὁμολογέω,
ὁμολογία,
ὁμόνοια,
ὁμοφρονέω,
ὁμόχρους,
ὀνειδίζω,
ὄνομα,
ὁπλίτης,
ὁπλομαχέω,
ὅπλον,
ὁπότερος,
ὅπου,
ὀπώρα,
ὅπως,
ὁράω,
ὁράω,ὥρα,
ὀργάω,ὀργάζω,ὀργή,
ὀργή,
ὀρέγω,
ὀρθός,ὀρθόω,
ὁρίζω,
ὅρκιον,ὅρκιος,
ὅρκος,
ὅρκος,ὁρκόω,
ὁρμάω,ὁρμάζω,ὁρμέω,ὁρμή,
ὁρμή,
ὅρος,
ὀρφανικός,
ὀρφανόομαι,ὀρφανός,
ὀρφανός,
ὅς,
ὅς,ὅς,
ὅσιος,ὁσιόω,
ὅσος,
ὅσπερ,
ὅστε,ὅστις,ὅτε,ὅτι1,ὅτι2,
ὅστε,ὅτε,
ὅστις,
ὅστις,ὅτι1,ὅτι2,
ὀστρακίζω,
ὀστρακισμός,
ὀστρακοφορία,
ὅταν,
οὐ,
οὐδέ,οὐδόσ,οὐδός,
οὐδείς,
οὐδέτερος,
οὐκέτι,
οὖν,
οὕνεκα,
οὗπερ,
οὔποτε,
οὔπω,
οὐσία,
οὔτε,
οὔτε,οὔτι,οὔτις,
οὗτος,
οὗτος,ταύτῃ,
οὕτως,
ὀφείλω,
ὀφέλλω,ὀφείλω,
ὀφθαλμός,
ὄφλημα,
ὀχετός,
ὀψέ,
Πάγγαιον,Πάγγαιος,
πάγος,
πάγος,πᾶγος,
Παιανιεύς,
παιδιώδης,
παιδοτρίβης,
παῖς,
παλαιόπλουτος,
πάλιν,
Παλλάδιον,Παλλάδιος,
Παλληνεύς,
Παναθήναια,
Παναθήναια,Παναθήναιος,
παντελής,
πάντῃ,πᾶς,
πάντοθεν,
πάνυ,
πάομαι,πᾶς,
πάομαι,πάσσω,πᾶς,πᾶσις,πατέομαι,
παρά-βατέω,
παρά-ὀχλέω,
παρά,πηρός,
παράδειγμα,
παραδέω,παραδίδωμι,
παραδίδωμι,
παράδοξος,
παραινέω,
παραιρέω,
παρακάθημαι,παρακαθίημι,
παρακαλέω,
παράκειμαι,
παραλαμβάνω,
παράλιον,παράλιος,
παράλιος,
παραλλάσσω,
Πάραλος,
παραμελέω,
παρανοέω,
παράνοια,
παρανομέω,
παράνομος,
παραπλήσιος,
παράπτω,παραβαίνω,
παρασκευάζω,
παράστασις,
παραστρατηγέω,
παρατηρέω,
παρατίθημι,
παρατρέφω,
παραυτίκα,
παραχέω,παρέχω,
παραχρῆμα,
παραχωρέω,
παρεγκλίνω,
παρεδρεύω,
πάρεδρος,
πάρειμι1,
πάρειμι1,παρόω,
πάρειμι1,παρών,
πάρειμι2,παρίημι,
πάρεργον,πάρεργος,παρέργως,
παρέρχομαι,
παρέχω,
παρίστημι,
Πάρνης,
παροξύνω,
παροράω,
παροργίζω,
παρρησία,
παρωνύμιος,παρωνυμέω,
πᾶς,
πᾶς,πᾶσις,
πάσσω,πᾶς,
πάσχω,
πάσχω,πείθω,
πατήρ,
πατρικός,
πάτριος,
πατρίς,
πατρόθεν,
Παυσανίης,
παύω,
πεδιακός,
πείθω,
πείθω,πεῖσα,
Πειραιεύς,
πειράω,
πειράω,πειράζω,
Πείσανδρος,
Πεισιστρατίδης,
Πεισίστρατος,
πέλαγος,
Πελαργικός,
πελάτης,
Πελοποννήσιοι,Πελοποννήσιος,
πέμπτος,
πέμπω,
πένης,
πένης,πενέω,
πένης,πένομαι,
πενθήμερος,
πεντακισχίλιοι,
πεντακόσιοι,
πεντακοσιομέδιμνος,
πέντε,
πεντεκαίδεκα,
πεντετηρίς,
πεντήκοντα,
πεντηκοστός,
πέπλος,πεπλος,
πέρα,πέρας,περάω1,περάω2,
περί,
περιαιρέω,
περιαιρέω,περιείλω,
περιγίγνομαι,
περίειμι1,
περιελαύνω,
περιέρχομαι,
περιζώννυμαι,
Περικλέης,
περιλαμβάνω,
περιπολέω,
πέτρα,
πήγνυμι,
πηρόω,
πῖαρ,
πιέζω,
πίειρα,
πιθανός,
πικρός,
πικρός,πικρόω,
πίμπλημι,πλησίος,
πινάκιον,
πίναξ,
πίνω,πόθεν,ποθεν,
πιπράσκω,
πιστεύω,
πίστις,
πιστόσ,πιστός,
πλανάω,
πλάσσω,πλήσσω,
πλεῖστος,
πλείων,
πλεονάκις,
πλεονεκτέω,
πλεονεξία,
πλέος,πλέω,πλέως,πλείων,
πλέω,πλεῖστος,
πλέω,πλέως,πλείων,
πλέως,πλείων,
πλῆθος,
πλήθω,πλῆθος,
πλήν,
πλήρης,
πληρόω,
πλοῖον,
πλούσιος,
πλούσιος,πλουσιάω,
πλουτέω,
πλουτίνδην,
πόα,ποιέω,ποιός,ποιόω,
ποιέω,
ποιέω,ποιός,
ποιέω,ποιόω,
ποίημα,
ποίησις,
ποίησις,ποιέω,
ποιητής,ποιητός,
ποῖος,
πολεμαρχέω,
πολεμαρχία,
πολέμαρχος,
πολεμέω,
πολέμιος,
πόλεμος,
πόλεμος,πολεμόω,
πολιορκέω,
πόλις,
πόλις,πολέω,
πόλις,πολέω,πολύς,
πόλις,πολύς,
πολιτεία,
πολιτεύω,
πολίτης,
πολιτικός,
πολλάκις,
πολλαχῆ,
πολλαχοῦ,
πολύς,
πομπεύω,
πομπή,
πομπή,πομπός,
πονηρία,
πονηρός,
πορεύω,
πορίζω,
ποταμός,
ποτέ,
ποτέ,ποτή,ποτόν,ποτός,πρός,
πότερος,
πού,
πού,ποῦ,
πρᾶγμα,
πρᾶξις,
πρᾶος,
πραότης,
πράσσω,
πρέσβεια,πρεσβεία,
πρεσβεύω,
πρέσβις,πρέσβυς,
πρέσβυς,
πρεσβύτης,
πρίαμαι,
πρίαμαι,πρίω,
πρίν,
πρό-ἐξαλείφω,
πρό,
πρό,διά-σπειράομαι,πρό-διασπείρω,
προαγορεύω,
προάγω,
προαιρέω,
προανακρίνω,
προβολή,
προβούλευμα,
προβουλεύω,
πρόβουλος,
προγίγνομαι,
πρόγραμμα,
προγράφω,
προδανείζω,
προδρομεύω,
πρόδρομος,
προδωσέταιρος,
προεδρεύω,
πρόεδρος,
προεῖπον,
προεξανίσταμαι,
προερέω,
προέρχομαι,
προέχω,
προθυμέομαι,
πρόθυμος,
προίξ,
προίστημι,
προίστημι,προστάτης,
πρόκειμαι,
πρόκλησις,
προκρίνω,
πρόκριτος,
πρόνοια,
προξενία,
πρόξενος,
πρόοιδα,
πρόπυλον,
πρός-κάθημαι,
πρός-κοσμέω,
πρός,
προσαγορεύω,
προσάγω,
προσαιρέομαι,
προσαναβαίνω,
προσαναζητέω,
προσαρτάω,
πρόσειμι1,
προσεπιλαμβάνομαι,
προσέρχομαι,
προσέχω,
προσήκω,
πρόσθεν,
προσίστημι,
προσκαθέζομαι,
προσκαλέω,
προσκαλέω,προσκλάομαι,
πρόσκειμαι,
πρόσκλησις,
προσκυνέω,
πρόσοδος,
προσοργίζομαι,
προσορμίζομαι,προσορμίζω,
προσπαρατίθημι,
προσποιέω,
προσπταίω,
προστάσσω,
προστάτης,
προστάτης,προστατέω,
προστίθημι,
προστιμάω,
προστίμησις,προστιμάω,
προτεραῖος,
πρότερος,
πρότερος,πρῶτος,
προτίθημι,
προτρέπω,
προυπάρχω,
πρόφασις,
προφέρω,
προχειροτονία,
πρυτανεῖον,
πρυτάνειος,πρυτανεία,
πρυτάνειος,πρυτανεῖον,
πρυτανεύω,
πρύτανις,
Πύθιος,Πυθία,
Πυθόδωρος,
Πύλος,
πύξινος,
πυρά,πυράζω,πυρή,πυρός,πυρόω,
πυρκαιά,πυρκαιός,
πωλέομαι,πωλέω,
πωλέω,
πωλητής,πωλητός,
πώποτε,
ῥᾴδιος,
ῥᾳθυμία,
ῥέζω,
ῥιζόω,
σάκκος,σάκος,
Σαλαμίς,
Σάμιος,
Σάμος,
σανίς,
σαφής,
σεισάχθεια,
σελήνη,
σημαίνω,
σημεῖον,
Σικελία,
Σιμωνίδης,
σίτησις,
σιτικός,
σῖτος,
σιτοφύλακες,
σκάπτω,
σκεῦος,
σκεῦος,σκευάζω,σκευή,σκευόω,
σκήπτω,
σκήπτω,σκῆψις,
Σκιροφοριών,
σκολιός,
σκοπάω,σκοπέω,
Σκύλλαιον,Σκυλλαῖον,
Σκῦρος,
Σόλοι,Σόλων,
Σόλων,
σοφίζομαι,σοφίζω,
σοφός,
Σοφωνίδης,
Σπαρτιάτης,
σπάω,
σπεύδω,
σπουδάζω,
σπουδάζω,σπουδή,
στάδιον,στάδιος,
σταθμάω,σταθμόν,σταθμός,σταθμόω,
στάθμη,σταθμάω,σταθμόν,σταθμός,σταθμόω,
σταθμόν,σταθμός,
στασιάζω,
στάσις,
στατήρ,
στέλεχος,στελεχόω,
στεφανόπωλις,
στέφανος,
στήλη,
στοά,
στοιχεῖον,
στόλος,
στοχάζομαι,
στράπτω,στρέφω,
στρατεία,
στρατεύω,
στρατηγέω,
στρατηγέω,στρατηγός,
στρατηγία,στρατηγιάω,
στρατηγός,
στρατία,στρατιά,
στρατιώτης,
στρατιωτικός,
σύ,
σύ,τε,
συγγενής,
συγγίγνομαι,
συγγνωμονικός,
συγγράφω,
συγκαθίστημι,
συγκατέρχομαι,
συγκλείω,
συγχωρέω,
συκοφάντης,
συκοφάντης,συκοφαντέω,
συκοφαντία,συκοφαντίας,συκοφαντίης,
συλλαμβάνω,
συλλέγω,
σύλληψις,
συμβαίνω,
συμβάλλω,
σύμβολον,
σύμβολον,σύμβολος,
συμβουλεύω,
σύμβουλος,
συμμαρτυρέω,
συμμαχία,
συμμαχικός,
συμμάχομαι,
σύμμαχος,
σύμμειξις,
συμμορία,συμμοριάω,
σύμπας,
συμπείθω,
συμπίτνω,
συμπολεμέω,
συμπρίασθαι,
συμπροθυμέομαι,
συμφέρω,
συμφορά,
συμφορά,συμφοράζω,
συμφωνέω,
σύν-εἶδον,
σύν-λέγω1,
σύν-λέγω1,σύν-λέγω3,
σύν,
συνάγω,
συναγωνίζομαι,
συναθροίζω,
συναίτιος,
συνάμφω,
συναναγκάζω,
συναναγράφω,
συναρέσκω,
συναρμόζω,
συναρπάζω,
συνδιοικέω,
συνεθίζω,
σύνειμι1,σύνεσις,
συνεισάγω,
συνεξαμαρτάνω,
συνεξέρχομαι,
συνεπιμελέομαι,
συνέρχομαι,
συνεχής,
συνήγορος,
συνθήκη,
συνίστημι,
συνίστημι,συνιστάω,
συνναυμαχέω,
συννέμω,
σύνοδοσ,σύνοδος,
σύνοιδα,
συνοικέω,
συνοικίζω,
συνομολογέω,
συντάσσω,
συντελέω,
συντίθημι,
συσπουδάζω,
συσσιτέω,
σφάζω,σφεῖς,σφός,
σφεῖς,
σφηκίσκος,
σφόδρα,
σφραγίς,
σχεδόν,
σχολάζω,
σώζω,
σῶμα,
σῶς,
σωτηρία,
σωφρονιστής,
τάλαντον,
τάμιας,ταμία,ταμίας,
τάμιας,ταμία,ταμίας,ταμιόω,
τάμιας,ταμίας,ταμιόω,
Ταναγραῖος,
ταξίαρχος,
τάξις,
τάξις,τάσσω,τήκω,
ταράσσω,
ταραχή,
ταραχώδης,
τάσσω,
ταὐτός,
τάφοσ,
τάχος,
τε,
Τείσανδρος,
τειχίζω,
τεῖχος,
τεῖχος,τειχέω,
τεκμήριον,
τέκνον,
τέλειος,τελέω,τελειόω,
τελευταῖος,
τελευτάω,
τελευτή,
τέλλω,τελέω,
τέλλω,τέλος,τελέω,
τέλος,
τέλος,τελέω,
τελώνης,
τελώνης,τελωνέω,
τέμενος,
τεσσαράκοντα,
τέσσαρες,τέτταρες,
τέταρτος,
τετράκις,
τετρακόσιοι,
τετράς,
τετρήρης,
τηρέω,
τίθημι,
τίκτω,
τιμάω,τιμέω,
τιμάω,τιμέω,τιμή,
τιμάω,τιμέω,τιμόω,
τιμάω,τιμόω,
τιμή,
τίμημα,
τίμησις,
τιμητής,τιμητός,
Τιμοσθένης,
τιμωρέω,
τίνω,τίς,τις,
τις,
τίς,τις,
τίς,τίσις,τις,
τιτρώσκω,
τιτρώσκω,τρῶσις,
τοιόσδε,
τοιοῦτος,
τόμιον,
τοξεύω,
τοξότης,
τόπος,
τόσος,
τοσοῦτος,
τότε,
τραγῳδέω,τραγῳδός,
τραπεζιτικός,
τραῦμα,
τραχύς,
τρεῖς,τρία,
τρεῖς,τρίζω,τριάξω,τριάζω,
τρέφω,
τρέφω,τροφέω,τροφεύς,τροφή,
τρέω,τρεῖς,
τριάκοντα,
τριακοντόριον,
τριακόσιοι,
τριακοστός,
τριηραρχικός,
τριήραρχος,
τριήρης,
τριηροποιός,
τρίς,
τρισχίλιοι,
τρίτος,
τρίτος,τριτάω,
τριττύς,
τριχόω,
τριώβολον,
τρομέω,
τρόπος,
τροφή,
τροχός,
τρυπάω,
τρύπημα,
τρυπητής,τρυπητός,
τυγχάνω,
τύπανον,τύπανος,
τυραννεύω,
τυραννικός,
τυραννίς,
τύραννος,
τύχη,τυγχάνω,
ὕβρις,
ὑβριστής,
ὑγρός,
ὕδριος,ὑδρία,
ὕδωρ,
υἱός,
Ὑμηττός,
ὑπαίθριος,
ὑπακούω,
ὑπαρχή,
ὑπάρχω,
ὑπεξαιρέω,
ὑπέξειμι,
ὑπεξέρχομαι,
ὑπέρ-τείνω,
ὑπέρ,
ὑπερβάλλω,
ὑπερηφανία,
ὑπερόριος,
ὑπεύθυνος,
ὑπέχω,ὑπισχνέομαι,
ὑπηρέτης,
ὑπηρέτης,ὑπηρετέω,
ὑπό,
ὑποβάλλω,
ὑπογραφή,
ὑποδείκνυμι,
ὑποζύγιον,ὑποζυγέω,
ὑπόλοιπος,
ὑποποιέω,
ὑπόσπονδος,
ὑποφέρω,
ὑποψία,
ὑστεραῖος,
ὕστερον,ὕστερος,
ὕστερος,
ὑφαιρέω,
Φαίνιππος,
φαίνω,
φαίνω,φανάω,
φανερός,
φανερός,φανερόω,
φάρμακον,φάρμακος,φαρμακάω,
φάσκω,
Φάϋλλος,
φέρω,
φεύγω,
φημί,
φθείρω,
φθίω,
φιλάνθρωπον,φιλάνθρωπος,
φιλάνθρωπος,
φιλαργυρία,
φιλεργία,
φίλιος,φιλία,
φιλοκτήμων,
φιλόμουσος,
φιλονεικία,φιλονικία,
φίλος,
φίλος,φῖλος,φιλόω,
φίλος,φίλων,φιλόω,
φοβέω,
φόβος,
φονάω,φονεύς,
φονικός,
φόνος,φονόω,
Φορμίσιος,
φόρον,φόρος,
φόρος,
φράζω,
φράτρα,φράτριος,
φρήν,
φρουρά,φρουρέω,φρουρός,
φρουρέω,
φρούριον,
φρουρίς,
φρουρός,
φυγάς,
φυγή,
Φύη,
φυλάζω,
φυλάζω,φυλή,
φυλακεύς,φυλακή,
φυλακή,
φυλακτήριον,φυλακτήριος,
φύλαξ,
φύλαρχος,
φυλάσσω,
φυλέτης,
Φυλεύς,Φυλή,
φυλή,
φυλοβασιλεύς,
φυλοκρινέω,
φύσις,φύω,φύζω,φυσάω,
φύω,φύζω,
φωράω,
χαίρω,
χαλεπός,
χάλκεος,χαλκοῦς,
χάλκεος,χαλκόω,χαλκοῦς,
χαρακτήρ,
χαρίζομαι,χαρίζω,
χάρις,
Χάρμος,
χαῦνος,
χειμών,
χειροτονέω,
χειροτονητός,
χειροτονία,
χείρων,χειρόω,
χηρόω,
χθών,
χίλιοι,χίλιος,
Χίος,Χίων,Χῖος,
χλαμύς,
χολάω,χολόομαι,χολόω,
χορηγέω,
χορηγία,
χορηγός,
χράομαι,χράω1,χράω2,χραύω,
χράω2,
χρέα,χρέος,χρεώ,
χρέα,χρέος,χρῆ,
χρεία,
χρεώ,
χρεών,
χρή,
χρῆμα,
χρηματίζω,
χρησμός,
χρηστηριάζω,
χρόνος,
χρόνος,χρονόω,
χρύσεος,
χρύσεος,χρυσόω,
χρῶμα,
χώρα,
χωρέω,
χωρέω,χωρίον,
χωρίον,
χωρίς,
ψάλτρια,
ψευδής,
ψευδοκλητεία,
ψηφίζομαι,ψηφίζω,
ψήφισμα,
ψῆφος,
ψῆφος,ψηφόω,
ψήφων,ψῆφος,ψηφόω,
ὧδε,
ὠμότης,
ὤνιος,
Ὠρεός,
ὡς,
ὡσαύτως,
ὥσπερ,
ὥστε,
